Case Number,Missing Date,Gender,Race,Age Missing,Missing City,Missing State,Missing Zip,Lat,Lon,Vehicle Style,Vehicle Color
1188923,2012-02-10,Male,Black,0,Berkeley,MO,63134,38.7415569,-90.3418927,Sport Utility,Silver
1192820,2012-04-17,Male,White,0,Spring,TX,77380,30.1261952,-95.4672962,"Sedan, 4 door",Blue
1204804,2012-10-22,Female,Asian,0,King of Prussia,PA,,40.1012856,-75.3835525,,
1212908,2013-03-25,Female,Hispanic,0,San Jose,CA,95122,37.3304014,-121.8391808,,White
1217921,2013-06-17,Male,Black,0,Birmingham,AL,35211,33.449373,-86.8671989,,Silver
1221151,2013-08-13,Male,White,0,Cartersville,GA,,34.1650972,-84.7999382,"Sedan, 4 door",Gray
1230726,2014-04-09,Female,Hispanic,0,Sarasota,FL,,27.3364347,-82.5306527,Pickup Truck,Silver
1238449,2014-09-29,Male,White,0,Duncan,OK,73533,34.4734741,-97.9157099,,
1241624,2014-12-15,Male,Black,0,Palatka,FL,32177,29.6485801,-81.6375819,,
1241748,2014-12-18,Male,White,0,Florence,KY,41042,38.9803309,-84.6583745,"Sedan, 4 door",Blue
1242299,2015-01-03,Female,Hispanic,0,Long Beach,CA,90805,33.8640647,-118.1766294,,
1262987,2016-02-20,Male,White,0,Fairbury,NE,68352,40.1466169,-97.1798456,Station Wagon,Brown
1263419,2016-02-26,Female,Black,0,Fort Lauderdale,FL,33312,26.0898957,-80.1819268,,Dark
1270365,2016-06-14,Female,Black,0,Detroit,MI,48205,42.4290772,-82.9770371,,
1281896,2016-11-17,Female,Hispanic,0,Wichita,KS,67212,37.7071863,-97.4327273,,
1187295,2012-01-12,Male,Black,1,Houston,TX,77063,29.7375438,-95.5249863,"Sedan, 4 door",Green
1207257,2012-11-26,Male,Black,1,Atlanta,GA,30307,33.7724417,-84.3279093,,
1208747,2013-01-03,Female,Hispanic,1,Crosbyton,TX,79322,33.6600847,-101.2379276,,Red
1211666,2013-03-02,Female,Biracial,1,Springfield,MO,65803,37.294172,-93.2986106,"Sedan, 4 door",Gray
1216380,2013-05-22,Female,Black,1,Forest Park,GA,30297,33.6134652,-84.3857442,"Sedan, 4 door",Green
1222021,2013-08-29,Female,Black,1,High Point,NC,,35.9556923,-80.0053176,Sport Utility,White
1226747,2013-12-27,Male,Am. Ind.,1,Red Springs,NC,28377,34.8151633,-79.183091,"Sedan, 4 door",Green
1232087,2014-05-10,Female,White,1,Crossville,TN,38555,35.9489566,-85.0269014,"Sedan, 4 door",White
1248370,2015-05-16,Male,White,1,Romulus,MI,48174,42.2222614,-83.3965994,"Sedan, 2 door",Red
1257200,2015-11-01,Male,Asian,1,Weston,FL,,26.1003654,-80.3997748,,
1260666,2016-01-07,Male,Hispanic,1,Montebello,CA,90640,34.0149091,-118.1064156,Van,Red
1266643,2016-04-19,Female,Am. Ind.,1,Poplar,MT,59255,48.1130741,-105.1983148,,Silver
1269482,2016-05-23,Female,Hispanic,1,Los Angeles,CA,90032,34.0795169,-118.1766294,,
1274537,2016-08-12,Female,White,1,Great Falls,MT,59405,47.4941836,-111.2833449,,
1191560,2012-03-27,Male,White,2,Cleveland,TX,,30.34132,-95.0854885,,
1193809,2012-04-19,Female,White,2,Rockport,MA,1966,42.3006357,-71.3842384,,
1194432,2012-05-06,Female,White,2,Bridgeton,MO,63044,38.767401,-90.4408037,,
1196350,2012-06-08,Female,Black,2,Spencer,OK,73084,35.5103197,-97.3678624,Sport Utility,Black
1201527,2012-08-27,Female,White,2,Downey,CA,90242,33.9167378,-118.1298234,"Sedan, 2 door",Blue
1207886,2012-12-17,Female,White,2,Colorado Springs,CO,,38.8338816,-104.8213634,,Green
1209035,2013-01-13,Female,White,2,Immokalee,FL,34142,26.4185248,-81.4174057,,
1221012,2013-08-11,Male,Hispanic,2,Johnston,RI,2919,41.8205199,-71.512617,,Black
1221144,2013-08-13,Male,Black,2,Tampa,FL,33605,27.9565429,-82.4265217,,
1223225,2013-09-24,Male,White,2,Woodstock,VA,22664,38.8817784,-78.5058429,,
1223843,2013-10-08,Female,White,2,Paris,MI,49338,43.7748896,-85.5047133,,
1224580,2013-10-26,Male,Black,2,Augusta Township,MI,,42.1179087,-83.6135572,Pickup Truck,Red
1226499,2013-12-11,Male,Black,2,Philadelphia,PA,19133,39.9938284,-75.1399443,,
1231533,2014-04-29,Male,Am. Ind.,2,Coolidge,AZ,85247,32.977839,-111.517624,Station Wagon,"Blue, Light"
1232016,2014-05-08,Male,Black,2,Riviera Beach,FL,33404,26.7712632,-80.0702555,"Sedan, 4 door",Blue
1232026,2014-05-08,Female,Black,2,Philadelphia,PA,19104,39.9583587,-75.1953934,,
1234229,2014-06-24,Male,White,2,Estero,FL,33928,26.438136,-81.8067523,,
1237329,2014-09-03,Female,White,2,Mount Sherman,KY,42764,37.4529773,-85.6687908,,
1241719,2014-12-18,Male,White,2,Rogers,AR,,36.3320196,-94.1185366,,Black
1245728,2015-03-20,Female,White,2,Dallastown,PA,17313,39.8995444,-76.6402452,"Sedan, 4 door",Gold
1246525,2015-04-07,Female,Black,2,Lubbock,TX,79403,33.655501,-101.7751709,Sport Utility,Tan
1248658,2015-05-17,Female,White,2,Summer Shade,KY,42166,36.8840099,-85.7024557,,Red
1254919,2015-08-20,Male,Black,2,Rockford,IL,61104,42.2473619,-89.0800227,Sport Utility,Maroon
1255486,2015-10-02,Female,White,2,North Bloomfield,OH,44450,41.4619659,-80.8684712,,
1260997,2016-01-14,Male,White,2,Pinson,TN,38366,35.4825955,-88.7397772,,
1266279,2016-04-14,Male,Hispanic,2,Soledad,CA,,36.424687,-121.3263187,,Black
1267815,2016-05-08,Female,Black,2,Wichita,KS,67202,37.6843628,-97.332753,,
1269821,2016-02-01,Female,Black,2,Oakland,CA,94612,37.8113159,-122.2682245,"Sedan, 4 door",Gray
1271963,2016-07-06,Female,White,2,Galena Park,TX,,29.7335616,-95.2302123,,Red
1277597,2016-09-27,Female,Black,2,Rocky Mount,NC,27803,35.8837599,-77.8595963,Crossover,Green
1283232,2016-12-05,Male,White,2,Wichita,KS,,37.6871761,-97.330053,Sport Utility,Black
1190506,2012-03-09,Female,Am. Ind.,3,Lumberton,NC,,34.6182199,-79.0086424,Truck,Blue
1193101,2012-04-21,Female,Black,3,Saint Louis,MO,63104,38.6160491,-90.2291565,,
1198498,2012-07-11,Male,Black,3,Lexington,MO,,39.1847339,-93.8799426,,
1202433,2012-09-11,Male,White,3,Onia,AR,72663,35.9189632,-92.3271013,,
1204151,2012-10-11,Male,White,3,Niles,OH,44446,41.1828353,-80.765358,"Sedan, 4 door",Silver
1208058,2012-12-23,Female,Hispanic,3,Lake Forrest,CA,92630,33.6447519,-117.6845508,,
1210258,2013-02-04,Male,Hispanic,3,North Miami,FL,33161,25.8909628,-80.1819268,Sport Utility,Silver
1227501,2013-12-15,Female,Black,3,Johnstown,PA,15902,40.3158515,-78.8778946,,
1231451,2014-04-27,Female,White,3,Huron,CA,93234,36.2027308,-120.1029177,,
1232087,2014-05-10,Female,White,3,Crossville,TN,38555,35.9489566,-85.0269014,"Sedan, 4 door",White
1233276,2014-05-26,Female,White,3,Kenai,AK,99611,60.5544444,-151.2583333,,
1235685,2014-07-26,Male,White,3,Afton,WY,83110,42.7249282,-110.9318687,Van,Red
1237045,2014-08-27,Female,White,3,Excelsior Springs,MO,64024,39.3391712,-94.2260559,Unknown,Blue
1278220,2016-10-04,Female,White,3,Augusta,ME,,44.3106241,-69.7794897,,
1280962,2016-11-05,Male,Black,3,Fort Lauderdale,FL,33311,26.142147,-80.1763467,"Sedan, 4 door",Maroon
1190117,2012-03-03,Male,Biracial,4,Carlsbad,NM,88220,32.4206736,-104.2288375,,
1191437,2012-03-24,Male,White,4,Hardy,AR,,36.3158994,-91.4826388,,
1212871,2013-03-23,Female,Black,4,Milwaukee,WI,53208,43.0499798,-87.962884,,
1219967,2013-07-24,Male,Hispanic,4,Durham,NC,27703,35.9657059,-78.8042828,,
1234835,2014-07-08,Male,White,4,Harrisonville,MO,,38.6533445,-94.3488372,,
1241869,2014-12-20,Male,Black,4,Baton Rouge,LA,,30.4582829,-91.1403196,,
1241991,2014-12-24,Male,Black,4,Little River,SC,29566,33.8732279,-78.6141798,,
1251989,2015-07-24,Male,White,4,Sheffield Lake,OH,44054,41.48754,-82.1015369,,
1254435,2015-09-12,Male,Black,4,San Diego,CA,92112,32.7198551,-117.1600022,,
1262966,2016-02-16,Female,White,4,Detroit,MI,48214,42.3612206,-82.9877866,Sport Utility,Black
1263413,2016-02-26,Female,Am. Ind.,4,Wolf Point,MT,59201,48.0905736,-105.6405566,,
1278562,2016-10-08,Female,White,4,Lakeland,FL,,28.0394654,-81.9498042,"Sedan, 4 door",Silver
1193114,2012-04-21,Male,Black,5,Philadelphia,PA,19142,39.9226914,-75.2304038,,
1197880,2012-07-01,Male,Black,5,Mount Vernon,NY,10466,40.8887394,-73.8477874,,
1198002,2012-07-03,Male,White,5,Oak Grove,WI,54011,44.7255821,-92.6785092,,
1199097,2012-07-19,Male,Black,5,Chicago,IL,60619,41.7458012,-87.6087638,,
1201418,2012-08-26,Female,White,5,Niagara Falls,NY,14301,43.0984101,-79.0334288,,
1203415,2012-09-30,Female,Biracial,5,North Miami,FL,33181,25.9003878,-80.1484407,,
1204922,2012-10-24,Female,Biracial,5,Poplar Bluff,MO,63901,36.7569994,-90.392888,Sport Utility,Silver
1210258,2013-02-04,Male,Hispanic,5,North Miami,FL,33161,25.8909628,-80.1819268,Sport Utility,Silver
1212953,2013-03-25,Female,Black,5,Sacramento,CA,95828,38.4929881,-121.3884671,,
1213619,2013-04-07,Female,White,5,Gladstone,MO,64119,39.2015955,-94.5315029,,Green
1233353,2014-06-09,Male,White,5,Taylorsville,NC,,35.9216748,-81.1768813,Sport Utility,
1235022,2014-07-11,Male,Black,5,Port Huron,MI,48060,42.9708634,-82.4249142,,
1245608,2015-03-19,Female,Black,5,Union Springs,AL,,32.144316,-85.7149495,Van,Maroon
1252669,2015-08-06,Male,White,5,Jacob Lake,AZ,,36.7138368,-112.2168982,,
1253413,2015-08-18,Female,White,5,Mocksville,NC,27028,35.8940263,-80.5614494,Crossover,Silver
1260316,2015-12-31,Male,Hispanic,5,Allentown,PA,,40.6084305,-75.4901833,,
1270879,2016-06-22,Female,White,5,Bemidji,MN,56601,47.4875361,-94.8858492,,
1275027,2016-08-20,Female,White,5,Watkins,MN,,45.3152415,-94.4086029,Truck,White
1284935,2016-12-24,Female,Black,5,Ruther Glen,VA,22546,37.9287494,-77.4558151,Sport Utility,Silver
1188523,2012-02-03,Female,Biracial,6,Saginaw,MI,48602,43.4304646,-83.9638426,"Sedan, 4 door",Maroon
1190242,2012-02-13,Female,Hispanic,6,Deming,NM,88030,32.2686981,-107.7586404,,
1191586,2012-03-27,Male,White,6,Colony,MO,,40.2539287,-91.9907307,,
1193092,2012-04-20,Female,Hispanic,6,Tucson,AZ,85711,32.2107257,-110.8850949,,
1196384,2012-06-09,Male,Black,6,Cabrillo,CA,90810,33.7986156,-118.2150663,,
1198730,2012-07-13,Female,Black,6,Fresno,CA,93727,36.7486376,-119.7078532,,
1215022,2013-04-30,Female,Black,6,Scooba,MS,39358,32.8281868,-88.4764273,"Sedan, 4 door",Gray
1215236,2013-05-04,Male,White,6,Confluence,PA,15424,39.8128547,-79.3567015,,White
1219378,2013-07-13,Female,Black,6,Harvey,LA,70058,29.8699332,-90.0653341,,
1220072,2013-07-26,Female,White,6,Jackson,OH,45640,39.0520169,-82.6365536,,
1226663,2013-12-21,Male,Biracial,6,Jefferson City,MO,65109,38.5686223,-92.2433487,"Sedan, 4 door",Maroon
1232087,2014-05-10,Female,White,6,Crossville,TN,38555,35.9489566,-85.0269014,"Sedan, 4 door",White
1236032,2014-08-02,Female,Biracial,6,East Bremerton,WA,,47.5978732,-122.6295847,,
1237481,2014-09-06,Male,Hispanic,6,San Jose,CA,95111,37.2856632,-121.8277925,,
1238449,2014-09-29,Female,White,6,Duncan,OK,73533,34.4734741,-97.9157099,,
1244490,2015-02-22,Female,White,6,Corpus Christi,TX,,27.8005828,-97.396381,Van,White
1255938,2015-10-11,Female,White,6,Houston,TX,,29.7604267,-95.3698028,Truck,Blue
1268704,2016-05-22,Male,Black,6,Junction City,KS,66441,39.0286093,-96.8313978,,
1270521,2016-06-16,Female,Black,6,Yoakum,TX,77995,29.2877469,-97.151931,"Sedan, 4 door",White
1276757,2016-09-14,Female,Hispanic,6,Wilmington,NC,,34.2257255,-77.9447102,,
1276967,2016-09-18,Male,Black,6,Youngsville,LA,70592,30.0996471,-91.9901206,,
1197266,2012-06-20,Male,White,7,Canon City,CO,,38.4494063,-105.2253316,Motorized Home,Tan
1198224,2012-07-06,Male,Black,7,Houston,TX,77044,29.8963788,-95.1640605,"Sedan, 4 door",Black
1203253,2012-09-23,Male,White,7,Unionville,TN,,35.6217359,-86.592495,,
1208583,2013-01-05,Male,White,7,Seligman,AZ,86337,35.3255608,-112.8774057,,
1209946,2013-01-27,Male,White,7,Citrus Heights,CA,95621,38.6940006,-121.3026883,Sport Utility,Silver
1218976,2013-07-07,Male,Black,7,Washington,DC,200025,38.8897896,-76.9718806,,
1220243,2013-07-29,Male,Black,7,Riverdale,IL,60827,41.6333678,-87.6331021,,
1224855,2013-11-01,Male,Black,7,Brandon,MS,39042,32.2732024,-89.9859158,,
1232154,2014-05-12,Female,Black,7,Oakland,CA,94605,37.7554905,-122.1462193,,
1236489,2014-08-13,Female,White,7,Oswegatchie,NY,,44.1828405,-75.070196,"Sedan, 4 door",White
1240220,2014-11-08,Female,White,7,Ardmore,OK,,34.1742611,-97.1436254,Hatchback/Fastback,Silver
1251170,2015-07-08,Male,Hispanic,7,Alice,TX,78332,27.7522487,-98.0697249,"Sedan, 4 door",White
1260302,2015-12-31,Male,Black,7,Zwolle,LA,71486,31.6315626,-93.6440698,Sport Utility,
1272811,2016-07-19,Female,White,7,Amarillo,TX,,35.2219971,-101.8312969,,
1283232,2016-12-05,Female,Hispanic,7,Wichita,KS,,37.6871761,-97.330053,Sport Utility,Black
1189325,2012-02-16,Male,Hispanic,8,Palatine,IL,60067,42.1112958,-88.0607565,"Sedan, 4 door",Silver
1196385,2012-06-09,Female,Black,8,Cabrillo,CA,90810,33.7986156,-118.2150663,,
1198726,2012-07-13,Female,White,8,Evansdale,IA,50707,42.4742493,-92.2876645,,
1216159,2013-05-17,Male,White,8,Escambia,FL,,30.6389408,-87.3413599,,
1218200,2013-06-21,Female,White,8,Jacksonville,FL,32218,30.4686832,-81.6692532,Van,White
1221229,2013-08-14,Male,Black,8,Peoria,IL,,40.6936488,-89.5889864,,
1221397,2013-08-18,Male,White,8,Fort Wayne,IN,46805,41.1024994,-85.1220031,,
1225118,2013-11-08,Male,Black,8,West Palm Beach,FL,33409,26.7152999,-80.1037721,,
1232076,2014-05-09,Male,Black,8,Miami,FL,33161,25.8909628,-80.1819268,,
1237246,2014-09-01,Female,White,8,Bullhead City,AZ,86442,35.0771847,-114.5599015,,
1238311,2014-09-25,Male,White,8,Skokie,IL,60077,42.0341144,-87.759112,,
1239607,2014-10-25,Male,Biracial,8,Macclenny,FL,32063,30.2821807,-82.1220569,,
1247042,2015-04-20,Male,White,8,Fairfield,CA,,38.2493581,-122.0399663,,Silver
1250223,2015-06-21,Male,Black,8,Niagara Falls,NY,14305,43.1197084,-79.0306032,,
1252041,2015-07-26,Female,White,8,Santa Cruz,CA,95060,36.9741171,-122.0307963,,
1256772,2015-10-25,Male,White,8,Ruston,LA,,32.5232053,-92.637927,Sport Utility,Dark
1260992,2016-01-08,Male,Black,8,Beaumont,TX,77713,30.0435239,-94.2743628,"Sedan, 4 door",Dark
1270170,2016-06-12,Male,White,8,Duncan,OK,73533,34.4734741,-97.9157099,,
1283232,2016-12-05,Male,Hispanic,8,Wichita,KS,,37.6871761,-97.330053,Sport Utility,Black
1187645,2012-01-19,Female,Hispanic,9,Pueblo,CO,81004,38.2544472,-104.6091409,,
1188520,2012-02-03,Male,Hispanic,9,Smyrna,GA,30080,33.8806897,-84.5064881,,
1188523,2012-02-03,Male,Biracial,9,Saginaw,MI,48602,43.4304646,-83.9638426,"Sedan, 4 door",Maroon
1194166,2012-05-07,Male,Asian,9,Sugar Land,TX,77498,29.6338457,-95.6563119,"Sedan, 4 door",Red
1195358,2012-05-24,Female,Black,9,Long Beach,CA,90806,33.8065036,-118.1912538,,Black
1202265,2012-09-08,Female,Hispanic,9,Brooklyn,NY,11220,40.6385229,-74.0153231,,
1203253,2012-09-23,Female,White,9,Unionville,TN,,35.6217359,-86.592495,,
1206938,2012-11-25,Female,White,9,Fillmore,UT,84631,38.9638553,-112.3397377,,
1207269,2012-12-06,Male,Black,9,South Holland,IL,60473,41.6008681,-87.6069894,,
1208005,2012-12-21,Female,White,9,Griffin,GA,30223,33.2467807,-84.2640904,,
1212871,2013-03-23,Female,Black,9,Milwaukee,WI,53208,43.0499798,-87.962884,,
1215793,2013-05-12,Female,White,9,Clearlake,CA,95422,38.9713832,-122.6616518,,
1215947,2013-05-14,Female,Black,9,Laurel,MD,,39.0992752,-76.8483061,,
1219607,2013-07-06,Male,Black,9,Harrisburg,PA,17104,40.255136,-76.857682,,
1224490,2013-10-23,Male,Black,9,Pomona,CA,91766,34.0397162,-117.7549295,,
1224877,2013-11-01,Male,Biracial,9,Austin,TX,78724,30.2944269,-97.6222665,,
1227858,2014-01-27,Male,Black,9,Little Rock,AR,,34.7464809,-92.2895948,,
1228579,2014-02-14,Male,Black,9,Kansas City,MO,64132,38.992935,-94.5521274,,
1232347,2014-05-16,Female,Black,9,Temple Terrace,FL,33617,28.0307138,-82.3994214,,
1232707,2014-05-26,Male,Hispanic,9,Hickory,NC,28601,35.7655407,-81.3289397,,
1232712,2014-05-26,Male,Black,9,Liverpool,NY,13088,43.106456,-76.2177046,,
1232944,2014-05-30,Male,White,9,Clearlake,CA,95422,38.9713832,-122.6616518,,
1236452,2014-08-13,Male,White,9,Live Oak,FL,,30.2949457,-82.98402,,
1250913,2015-07-04,Male,Black,9,Davison,MI,,43.0347491,-83.5180063,,
1252694,2015-08-07,Male,White,9,Odenton,MD,,39.0839981,-76.7002462,,
1261830,2016-01-29,Female,Black,9,Philadelphia,PA,19139,39.9600168,-75.2274866,,
1269206,2016-05-29,Female,Hispanic,9,Fort Myers,FL,33908,26.5101373,-81.9425701,"Sedan, 4 door",
1273777,2016-08-02,Male,Black,9,Dallas,TX,,32.7766642,-96.7969879,,
1274262,2016-08-09,Male,Black,9,Columbia,MD,21045,39.201384,-76.8374995,,
1278620,2016-10-09,Female,White,9,Mesa,AZ,85206,33.3951613,-111.7018452,,
1192068,2012-03-31,Female,Biracial,10,Amberg,WI,54102,45.4888208,-87.9963408,Sport Utility,Maroon
1193039,2012-04-19,Female,Black,10,East Orange,NJ,7081,40.7875862,-74.2180643,,
1194231,2012-05-08,Male,White,10,Warner Robins,GA,31088,32.590481,-83.624201,,
1197557,2012-06-26,Male,Hispanic,10,Van Nuys,CA,91405,34.2037124,-118.4571974,,
1198725,2012-07-13,Female,White,10,Evansdale,IA,50707,42.4742493,-92.2876645,,
1200727,2012-08-14,Female,Am. Ind.,10,Ukiah,CA,95482,39.1501709,-123.2077831,,
1200804,2012-08-15,Male,Black,10,Philadelphia,PA,19134,39.9863531,-75.1019942,,
1201206,2012-08-22,Male,Am. Ind.,10,Fairbanks,AK,99701,64.8377778,-147.7163888,,
1202063,2012-08-28,Female,Black,10,Chicago,IL,60651,41.9024826,-87.7418842,,
1203248,2012-09-24,Female,Black,10,Bear Lake,MI,49614,44.4208349,-86.148143,,
1203807,2012-10-05,Female,White,10,Westminster,CO,,39.8366528,-105.0372046,,
1205487,2012-11-02,Female,Biracial,10,Covington,KY,41011,39.073028,-84.5274616,,
1208078,2012-12-21,Female,Black,10,Las Vegas,NV,89106,36.1922841,-115.1592718,,
1210151,2013-02-01,Female,Black,10,Indianapolis,IN,46226,39.8420351,-86.0427626,,
1213042,2013-03-27,Female,White,10,Northridge,CA,91324,34.2413938,-118.5506158,,
1214798,2013-04-26,Male,Biracial,10,Keller,TX,76248,32.9259646,-97.2329255,,
1217443,2013-06-09,Female,White,10,Port Deposit,MD,21904,39.6048327,-76.1152289,,
1218465,2013-06-26,Male,White,10,Fresno,CA,,36.7468422,-119.7725868,,
1220164,2013-07-28,Male,White,10,Kiryas Joel,NY,10950,41.3420381,-74.167924,,
1220595,2013-08-04,Male,Black,10,Rochester,NY,14613,43.1816979,-77.6364299,,
1222845,2013-09-14,Male,White,10,Belding,MI,48809,43.0978094,-85.228906,,
1224677,2013-10-27,Male,White,10,Santa Fe,NM,87505,35.616067,-105.8525154,"Sedan, 4 door",Green
1225117,2013-11-08,Male,White,10,Oroville,CA,95965,39.5137752,-121.556359,,
1228437,2014-02-11,Male,White,10,Newville,PA,17241,40.1731433,-77.3985963,,
1228552,2014-02-14,Male,White,10,Beaumont,CA,92223,33.9334088,-116.9734685,,
1228708,2014-02-18,Female,White,10,Springfield,MO,65802,37.1953893,-93.3892894,Pickup Truck,Gold
1231795,2014-05-02,Male,Hispanic,10,Corpus Christi,TX,78416,27.7538925,-97.4435441,,
1232487,2014-05-20,Male,Black,10,Philadelphia,PA,19123,39.9644541,-75.145782,,
1235382,2014-07-18,Female,White,10,Port Charlotte,FL,33953,26.9942593,-82.2257298,,
1235668,2014-07-24,Female,Black,10,Skokie,IL,60076,42.026064,-87.7271123,,
1236864,2014-08-19,Female,Black,10,Jersey City,NJ,7305,40.7008528,-74.0887576,,
1239837,2014-10-30,Female,White,10,Rio Rancho,NM,87124,35.4452297,-106.8532381,,
1245852,2015-03-18,Male,Black,10,Crystal,MN,55422,45.0167268,-93.3364004,,
1248566,2015-05-19,Male,Black,10,Kankakee,IL,60901,41.1200325,-87.8611531,,
1249958,2015-06-15,Male,Hispanic,10,Porterville,CA,93257,36.06523,-119.0167679,,
1251723,2015-07-20,Female,White,10,Nevada City,CA,95959,39.2615606,-121.0160594,,
1262851,2016-02-17,Male,Hispanic,10,Porterville,CA,93257,36.06523,-119.0167679,,
1263356,2016-02-25,Female,White,10,Paradise,CA,95969,39.7596061,-121.6219177,,
1269641,2016-06-03,Male,Biracial,10,Chicago,IL,,41.8781136,-87.6297982,,
1269646,2016-06-04,Male,Black,10,Rochester,MN,55904,43.9562492,-92.4208713,,
1271193,2016-06-27,Male,Hispanic,10,Dallas,TX,75203,32.7432998,-96.7868794,,
1272890,2016-07-17,Male,Black,10,Buckeye,AZ,85326,33.3072204,-112.5721881,,
1277097,2016-09-01,Female,Black,10,Minneapolis,MN,55407,44.9398026,-93.2533339,,
1278084,2016-10-02,Male,Asian,10,Waukesha,WI,53189,42.9480628,-88.2655845,,
1279615,2016-10-19,Male,Black,10,Minneapolis,MN,55407,44.9398026,-93.2533339,,
1280574,2016-11-01,Female,Hispanic,10,Bullard,TX,75757,32.1398804,-95.320229,,
1187650,2012-01-20,Female,Asian,11,San Jose,CA,,37.3382082,-121.8863286,Van,Dark
1189748,2012-02-24,Male,Black,11,Los Angeles,CA,90032,34.0795169,-118.1766294,,
1200103,2012-08-02,Female,White,11,Mountain View,CA,94043,37.428434,-122.0723816,Sport Utility,Red
1202079,2012-09-04,Female,Hispanic,11,Miami Gardens,FL,33056,25.9595052,-80.2432839,,
1204800,2012-10-22,Female,Hispanic,11,Riverview,FL,33569,27.8383805,-82.2909146,,
1206517,2012-11-24,Female,White,11,Russells Point,OH,43348,40.4711612,-83.8927162,,
1207194,2012-11-03,Male,Hispanic,11,Stockton,CA,95207,37.9983748,-121.3198491,,Blue
1207353,2012-12-08,Male,Hispanic,11,East Haven,CT,6512,41.271102,-72.886993,,
1218978,2013-07-06,Male,White,11,Menifee,CA,92584,33.6557387,-117.185294,,
1220809,2013-08-07,Male,White,11,East Grand Forks,MN,56721,47.9311871,-97.009347,,
1222947,2013-09-17,Male,White,11,Spring Hill,TN,37174,35.751179,-86.9300023,,
1227965,2014-01-29,Female,Black,11,Bedford,TX,76021,32.8477269,-97.1305536,,
1234365,2014-06-25,Female,Hispanic,11,Beltsville,MD,20705,39.0455425,-76.9066829,,
1243192,2015-01-24,Female,White,11,Nevada City,CA,95959,39.2615606,-121.0160594,,
1245708,2015-01-31,Female,Biracial,11,Eureka,CA,95501,40.8134774,-124.1460963,,
1246957,2015-04-16,Male,Black,11,Hyattsville,MD,20782,38.9732233,-76.947022,,
1252544,2015-08-03,Male,Black,11,Folcroft,PA,,39.890946,-75.2837964,,
1267468,2016-05-02,Female,Am. Ind.,11,Ship Rock,NM,,36.6866691,-108.8364343,Van,Maroon
1269962,2016-06-08,Female,Black,11,Houston,TX,77014,29.9824128,-95.4620545,,
1277733,2016-09-27,Female,White,11,Catawba,NC,,35.7073558,-81.0756345,,
1189111,2012-02-13,Female,White,12,Kalispell,MT,,48.1919889,-114.316813,Coupe,Black
1189898,2012-02-28,Female,Black,12,Lake Worth,FL,33460,26.6188279,-80.0590804,,
1190506,2012-03-09,Male,Am. Ind.,12,Lumberton,NC,,34.6182199,-79.0086424,Truck,Blue
1195744,2012-05-31,Female,White,12,El Dorado,KS,67042,37.81724,-96.8622524,"Sedan, 4 door",White
1197391,2012-06-23,Female,White,12,Margate,FL,33063,26.2551386,-80.2042436,"Sedan, 4 door",Silver
1199667,2012-07-28,Female,Black,12,Little Rock,AR,,34.7464809,-92.2895948,"Sedan, 4 door",Black
1200867,2012-08-09,Female,Hispanic,12,Falfurrias,TX,78355,27.2269872,-98.1441714,,
1202242,2012-09-07,Female,Black,12,North Miami,FL,,25.8900949,-80.1867138,,
1203015,2012-09-21,Male,White,12,Coeur D'Alene,ID,,47.6776832,-116.7804664,,
1203072,2012-09-23,Female,White,12,Newport,NC,28570,34.7865497,-76.8591057,"Sedan, 2 door",Red
1204746,2012-10-20,Female,White,12,Clayton,NJ,8312,39.657554,-75.1264462,,
1207967,2012-12-18,Female,Hispanic,12,Chesapeake,VA,23324,36.8022774,-76.2768755,"Sedan, 2 door",Red
1210856,2013-02-14,Female,White,12,Arroyo Grande,CA,93420,35.1185868,-120.5907252,,
1218919,2013-07-04,Male,Hispanic,12,Brooklyn,NY,11207,40.6655101,-73.8918897,,
1220075,2013-07-26,Male,Black,12,Saint Louis,MO,63136,38.7470186,-90.2526163,,
1221488,2013-08-19,Female,White,12,Golden City,MO,,37.3931054,-94.0938304,,
1222308,2013-09-04,Male,Black,12,Los Angeles,CA,90047,33.9519253,-118.3082034,,
1229206,2014-03-03,Female,Hispanic,12,Salt Lake City,UT,84119,40.7095135,-111.9641728,,
1234541,2014-06-30,Female,Black,12,Saint James,LA,70086,29.9828316,-90.8308712,,
1236489,2014-08-13,Female,White,12,Oswegatchie,NY,,44.1828405,-75.070196,"Sedan, 4 door",White
1239240,2014-10-14,Male,Black,12,Seaford,DE,19973,38.6412256,-75.6110381,Sport Utility,Black
1240318,2014-11-11,Female,White,12,Nottingham,MD,21236,39.3698263,-76.4548626,,
1244128,2015-02-12,Male,Black,12,Washington,DC,20019,38.8910932,-76.947022,,
1252944,2015-08-11,Female,Biracial,12,North Hills,CA,91343,34.235822,-118.4849365,,
1257489,2015-11-04,Female,Hispanic,12,Cicero,IL,60804,41.8455877,-87.7539448,,
1262283,2016-02-07,Female,White,12,Rockwood,TN,,35.8656284,-84.68494,Truck,Brown
1265642,2016-03-29,Female,Black,12,San Leandro,CA,94578,37.7050703,-122.1235054,,
1268611,2016-05-19,Female,Hispanic,12,Springfield,VA,22150,38.7742151,-77.1887747,,
1277535,2016-09-24,Female,Biracial,12,Willowick,OH,44095,41.6331034,-81.4687274,,
1279790,2016-10-23,Female,Black,12,Raleigh,NC,27601,35.7744301,-78.6313624,,
1195358,2012-05-24,Female,Black,13,Long Beach,CA,90806,33.8065036,-118.1912538,,Black
1198963,2012-07-17,Female,Black,13,Winnetka,CA,91306,34.2048586,-118.5739621,,
1202144,2012-06-09,Female,Hispanic,13,Wathena,KS,,39.7591606,-94.9496907,,
1206449,2012-11-19,Male,White,13,Bayfield,CO,35927,37.2255593,-107.5981123,,
1208907,2013-01-08,Female,White,13,Herriman,UT,84096,40.5141147,-112.0329938,,
1211651,2013-03-01,Male,White,13,Metamora,MI,48455,42.9414173,-83.2891092,,
1217270,2013-06-05,Male,White,13,Eugene,OR,97404,44.0995566,-123.1314712,,
1219925,2013-07-24,Female,White,13,Portsmouth,RI,2871,41.6428256,-71.2245282,"Sedan, 4 door",White
1221004,2013-08-10,Female,Black,13,Farmington Hills,MI,48336,42.4658351,-83.3468784,,
1224372,2013-10-22,Female,Am. Ind.,13,Hamilton,MI,49419,42.6673526,-86.0019515,Coupe,Orange
1225984,2013-12-03,Female,White,13,Oregon City,OR,97045,45.3573429,-122.6067584,,
1227115,2014-01-06,Female,White,13,Alvin,TX,,29.4238472,-95.2441009,Pickup Truck,Black
1229060,2014-02-26,Female,Hispanic,13,Roswell,GA,30076,34.0567006,-84.3436881,"Sedan, 4 door",Gold
1231473,2014-04-28,Female,White,13,Rawlins,WY,82301,41.7910697,-107.2386627,,
1237499,2014-09-06,Female,White,13,Asheville,NC,28801,35.5927461,-82.5564559,"Sedan, 2 door",White
1245708,2015-01-31,Male,Biracial,13,Eureka,CA,95501,40.8134774,-124.1460963,,
1246118,2015-03-29,Female,White,13,Montrose,MO,64770,38.2578023,-93.9813297,Pickup Truck,Black
1246412,2015-04-04,Female,Biracial,13,Chicago,IL,60630,41.9720786,-87.7517295,,
1249769,2015-05-19,Female,Black,13,Capitol Heights,MD,20743,38.8851122,-76.9158068,,
1249836,2015-06-13,Female,Black,13,Myrtle Beach,SC,29577,33.7070405,-78.8948741,,
1250908,2015-07-04,Male,Black,13,Marshall,NC,,35.7973284,-82.6840251,,
1251306,2015-07-09,Male,White,13,Saint James,MO,,37.9972645,-91.6143224,,
1252643,2015-08-07,Female,White,13,Franklin,KY,42134,36.722263,-86.5772177,,
1256751,2015-10-23,Female,White,13,Ottumwa,IA,52501,41.0160293,-92.4083022,,Yellow
1261720,2016-01-27,Female,White,13,Blacksburg,VA,,37.2295733,-80.4139393,,
1262810,2016-02-16,Male,White,13,Quincy,FL,32352,30.5880468,-84.591058,,
1264296,2016-03-12,Female,White,13,Houston,TX,,29.7604267,-95.3698028,,
1264746,2016-03-20,Female,Black,13,Miami,FL,,25.7616798,-80.1917902,,
1269358,2016-05-31,Male,Black,13,Detroit,MI,,42.331427,-83.0457538,,Black
1269680,2016-06-05,Female,Hispanic,13,Herndon,VA,20170,38.9695545,-77.3860976,"Sedan, 4 door",Black
1274275,2015-11-20,Female,White,13,Lancaster,OH,43130,39.7136754,-82.5993294,,
1277400,2016-09-22,Female,White,13,Salem,MO,65560,37.6455993,-91.5359808,Pickup Truck,White
1282057,2016-11-19,Female,Asian,13,Fort Wayne,IN,46816,41.0233277,-85.0337392,"Sedan, 2 door",Black
1188294,2012-01-31,Female,White,14,Barnesville,GA,30204,33.0545709,-84.1557495,"Sedan, 4 door",White
1192768,2012-04-13,Female,White,14,Spokane,WA,99205,47.7000703,-117.4516702,,
1197559,2012-06-25,Female,White,14,Hazlehurst,GA,31539,31.8696309,-82.5943026,Motorcycle,Blue
1197561,2012-06-14,Female,Black,14,Mobile,AL,36607,30.7041262,-88.1144943,,
1198265,2012-07-04,Male,Hispanic,14,Corpus Christi,TX,,27.8005828,-97.396381,,
1198609,2012-07-12,Female,Hispanic,14,Wilkesboro,NC,28697,36.1459649,-81.1606401,"Sedan, 4 door",Silver
1200808,2012-08-01,Female,Hispanic,14,Riverside,CA,92504,33.9012386,-117.3910247,,
1202512,2012-09-12,Female,Hispanic,14,Wildwood,FL,,28.865264,-82.0389743,Truck,Black
1203509,2012-10-01,Female,Hispanic,14,Boca Raton,FL,33496,26.4039904,-80.1596041,,
1206029,2012-11-13,Female,Hispanic,14,Ontario,CA,91762,34.0420153,-117.6610854,,
1207337,2012-12-07,Female,White,14,Paragould,AR,72450,36.0584021,-90.4973286,Sport Utility,Bronze
1209500,2013-01-22,Female,White,14,Houston,TX,,29.7604267,-95.3698028,Sport Utility,Silver
1212127,2013-03-09,Female,White,14,Walnut Ridge,AR,72476,36.0684035,-90.9559534,,
1215276,2013-05-05,Female,Hispanic,14,Mount Pleasant,TX,75455,33.1567863,-94.968269,Pickup Truck,Brown
1220961,2013-08-09,Male,Biracial,14,Fort Lauderdale,FL,33309,26.1889227,-80.1763467,,
1221762,2013-08-23,Male,Biracial,14,Imperial,CA,92251,32.8475528,-115.5694391,,
1222017,2013-08-29,Female,Hispanic,14,Hollister,CA,95023,36.8524545,-121.4016021,Truck,Silver
1222041,2013-08-30,Female,Hispanic,14,Glendale Heights,IL,,41.9103068,-88.0717353,"Sedan, 4 door",
1222912,2013-09-17,Female,Hispanic,14,Ellenwood,GA,30294,33.609725,-84.2873662,,
1223775,2013-10-04,Male,Black,14,Astoria,NY,11101,40.7443091,-73.9418603,,
1223932,2013-10-09,Female,Hispanic,14,North Conway,NH,3860,44.0536805,-71.1284041,,
1226031,2013-12-04,Female,Hispanic,14,Kennewick,WA,99336,46.2138054,-119.161041,Sport Utility,"Green, Dark"
1229006,2014-02-25,Female,White,14,Springfield,OH,45504,39.9509734,-83.8366958,,
1230313,2014-03-31,Female,White,14,Albuquerque,NM,87112,35.1030501,-106.5171626,Hatchback/Fastback,
1230966,2014-04-14,Female,White,14,Magnolia,TX,77355,30.2093794,-95.7507815,,
1232363,2014-05-16,Male,Hispanic,14,Brooklyn,NY,11235,40.5860069,-73.9418603,,
1237047,2014-08-27,Female,Am. Ind.,14,Lame Deer,MT,,45.6230476,-106.6666984,Pickup Truck,Tan
1240551,2014-11-13,Male,Hispanic,14,Dos Palos,CA,93620,36.9860582,-120.6265722,,
1242306,2015-01-04,Male,Black,14,Bossier City,LA,71111,32.5849881,-93.6927531,,
1247463,2015-02-08,Female,Hispanic,14,Jasper,AL,35501,33.8226751,-87.2916713,"Sedan, 4 door",Green
1249353,2015-06-04,Female,Black,14,Prescott,AZ,86303,34.4525009,-112.4529878,,
1252070,2015-07-24,Male,White,14,Tequesta,FL,,26.9636401,-80.1121493,,
1252076,2015-07-24,Male,White,14,Jupiter Inlet,FL,,26.9483512,-80.0843529,,
1255392,2015-10-01,Male,White,14,Stockbridge,GA,30281,33.5442781,-84.2338093,,
1255570,2015-10-05,Male,Black,14,Pineville,LA,71360,31.3224044,-92.4343035,,
1257453,2015-11-02,Male,White,14,Evans Mills,NY,13637,44.0881158,-75.8071525,,
1264226,2016-03-11,Female,White,14,West Plains,MO,65775,36.7281154,-91.8523711,,
1264765,2016-03-09,Female,Black,14,Tallassee,AL,36078,32.5359683,-85.8932923,,
1266918,2016-04-18,Male,White,14,Orlando,FL,32811,28.5141606,-81.444379,,
1267179,2016-04-27,Female,Hispanic,14,Beaumont,CA,92223,33.9334088,-116.9734685,,
1269656,2016-06-05,Male,Hispanic,14,Myerstown,PA,17067,40.3745363,-76.3027318,,
1273146,2016-07-23,Female,Hispanic,14,Wichita,KS,67214,37.7040524,-97.3138554,,
1277682,2016-09-27,Female,Hispanic,14,Brownsville,TX,78521,25.9739925,-97.330053,"Sedan, 4 door",Black
1280579,2016-11-01,Male,White,14,Ingleside,IL,60041,42.3812067,-88.139818,,
1282798,2016-11-27,Female,White,14,Williamston,NC,,35.8546039,-77.0555114,,
1190455,2012-03-07,Female,White,15,Independence,MO,64052,39.0747341,-94.4542311,,
1191846,2012-03-30,Female,White,15,Elk Grove,CA,95757,38.3591901,-121.422761,,
1193817,2012-04-30,Female,Black,15,Duson,LA,70529,30.2357577,-92.1854035,"Sedan, 4 door",Silver
1193866,2012-05-02,Female,White,15,Cookeville,TN,38501,36.2452673,-85.5406209,,
1195635,2012-05-28,Male,White,15,Deerfield,SD,,44.0172035,-103.8340897,,
1197137,2012-06-19,Male,Black,15,Chicago,IL,60637,41.7805099,-87.603826,,
1197838,2012-06-29,Female,Asian,15,Concord,CA,94521,37.9538109,-121.9643745,,
1201209,2012-08-18,Female,Black,15,Richland,SC,,34.0412165,-80.9428911,,
1201338,2012-08-24,Male,White,15,Wyoming,MI,49548,42.8644771,-85.6588999,,
1204075,2012-10-10,Female,Hispanic,15,Long Beach,CA,90813,33.7844997,-118.1971031,,
1214949,2013-04-29,Male,White,15,Huntington,AR,,35.0823184,-94.2632668,Pickup Truck,White
1215898,2013-05-12,Female,White,15,Glenburn,ME,,44.9168621,-68.8457461,,
1216295,2013-05-20,Female,White,15,Dayton,IA,,42.2613645,-94.0685672,,
1217076,2013-05-30,Male,Hispanic,15,Richmond Hill,NY,11418,40.6958108,-73.8272029,,
1220938,2013-08-08,Female,White,15,Gilman City,MO,64642,40.1416732,-93.8724475,Pickup Truck,Silver
1221515,2013-04-25,Female,White,15,Seattle,WA,98146,47.4993052,-122.3658208,,
1221612,2013-08-21,Male,White,15,Rochester,NY,14616,43.2306445,-77.6478852,,
1222529,2013-09-03,Female,White,15,Lebanon,OR,97355,44.5365119,-122.9070339,Sport Utility,Gray
1223181,2013-09-23,Female,White,15,Gladstone,MI,,45.8527435,-87.0218049,,
1228981,2014-02-24,Female,Hispanic,15,Nacogdoches,TX,75961,31.6035129,-94.6554874,"Sedan, 4 door",Silver
1232020,2014-05-08,Male,White,15,Waterboro,ME,,43.5354332,-70.7145912,,
1241171,2014-11-27,Female,White,15,Cheney,WA,99004,47.4873895,-117.5757622,,
1243457,2015-01-29,Female,White,15,Lakeport,CA,95453,39.0429506,-122.9158293,,
1244365,2015-01-01,Male,Black,15,Fairfield,AL,,33.4859402,-86.9119366,,
1245963,2015-03-24,Female,Biracial,15,Los Angeles,CA,90066,34.0050173,-118.4338345,,
1249602,2015-06-08,Male,White,15,Magna,UT,84044,40.7091121,-112.1016088,,
1250630,2015-06-28,Female,Black,15,Bladenboro,NC,,34.5387799,-78.7875209,,
1252643,2015-08-07,Female,White,15,Franklin,KY,42134,36.722263,-86.5772177,,
1255407,2015-09-29,Female,White,15,Miami,OK,74354,36.8745146,-94.8774554,,
1256398,2015-10-17,Female,White,15,Gaylord,MI,49735,45.0275126,-84.6747523,,
1257450,2015-11-05,Male,Black,15,Philadelphia,PA,19153,39.8781725,-75.2362381,,
1257750,2015-11-08,Female,White,15,Brooklyn,OH,44144,41.4301349,-81.7512107,,
1258819,2015-12-02,Male,White,15,Palatine,IL,,42.1103041,-88.03424,,
1261511,2016-01-24,Female,Biracial,15,Forest Park,GA,30297,33.6134652,-84.3857442,,Red
1261586,2016-01-25,Female,White,15,Bartonville,IL,,40.6503158,-89.6520455,,
1263987,2016-03-07,Female,White,15,Brevard,NC,28712,35.2334472,-82.7342919,,
1264849,2016-03-20,Female,Biracial,15,Aurora,IL,60505,41.7579896,-88.2947675,,
1265460,2016-03-31,Female,White,15,Watervliet,MI,49098,42.1867052,-86.2605776,,
1267323,2016-04-29,Female,Black,15,Waterloo,IA,50703,42.5479071,-92.2827384,"Sedan, 4 door",Silver
1269030,2016-05-25,Female,White,15,Vallejo,CA,,38.1040864,-122.2566367,"Sedan, 4 door",Gold
1271640,2016-07-03,Male,White,15,Palm Beach,FL,33480,26.6872579,-80.0367259,,
1282884,2016-11-22,Female,White,15,Collingswood,NJ,8108,39.9181686,-75.071284,,
1283601,2016-12-07,Female,Hispanic,15,Miami,FL,33125,25.7862401,-80.2349196,,
1283644,2016-12-04,Female,White,15,Evans,GA,30809,33.5337464,-82.1306747,"Sedan, 4 door",Tan
1190126,2012-03-03,Female,White,16,San Bernardino,CA,,34.1083449,-117.2897652,,
1191008,2012-03-18,Male,White,16,Columbia Township,OH,45174,39.1586085,-84.3094955,,
1193263,2012-04-23,Male,White,16,Federal Way,WA,98003,47.3165043,-122.3223975,,
1196339,2012-06-07,Male,Black,16,El Monte,CA,91732,34.0791053,-118.0127534,,
1198050,2012-07-03,Male,White,16,Federal Way,WA,,47.3223221,-122.3126222,,
1198086,2012-07-04,Female,White,16,Leavenworth,KS,66048,39.3111112,-94.9224637,,White
1199681,2012-07-28,Female,Hispanic,16,San Ardo,CA,,36.0205207,-120.9051826,Sport Utility,Blue
1202481,2012-09-09,Male,Black,16,Goldsboro,NC,,35.3848841,-77.9927651,"Sedan, 4 door",Blue
1205249,2012-10-29,Female,Hispanic,16,Hanford,CA,93230,36.3274502,-119.6456844,,
1206028,2012-11-13,Female,White,16,Tacoma,WA,98406,47.2612103,-122.4971478,,
1206806,2012-11-27,Female,White,16,Oakland,CA,,37.8043637,-122.2711137,,
1207455,2012-12-09,Female,White,16,Mint Hill,NC,28227,35.1735404,-80.6570304,,
1209169,2013-01-14,Female,White,16,Cottleville,MO,63304,38.7481015,-90.6512209,Truck,Gray
1209512,2013-01-22,Female,White,16,Johnstown,CO,80534,40.3369272,-104.9121967,,
1209780,2013-01-26,Female,Am. Ind.,16,Duvall,WA,98019,47.7423218,-121.9856781,,
1210639,2013-02-11,Female,Black,16,Antioch,TN,37013,36.0597177,-86.6715948,,
1210890,2013-02-15,Female,White,16,Beverly Hills,MI,48025,42.516131,-83.2625577,,
1211481,2013-02-25,Female,White,16,Peconic,NY,11958,41.0334156,-72.455402,,
1213184,2013-03-28,Male,Black,16,Elizabeth City,NC,27909,36.2946008,-76.2510461,,
1220640,2013-08-03,Female,White,16,Lakeside,CA,92040,32.8572718,-116.9222488,Convertible,Silver
1230681,2014-04-08,Female,White,16,Cleveland,TX,77327,30.34132,-95.0854885,,
1236673,2014-08-18,Female,White,16,Prairie Du Chien,WI,53821,43.0516505,-91.1412404,Sport Utility,
1236873,2014-08-18,Male,White,16,Elkton,MD,,39.6067789,-75.8332718,"Sedan, 2 door",Blue
1237576,2014-09-08,Male,Hispanic,16,Woodbridge,VA,22193,38.6418278,-77.3439283,,
1238417,2014-09-28,Female,White,16,Fairfax,VA,22030,38.8462236,-77.3063733,,
1240819,2014-11-22,Male,Hispanic,16,Richmond,VA,23234,37.4664427,-77.4628325,,
1250802,2015-06-30,Female,Black,16,Cumberland,MD,21502,39.6528654,-78.7625185,,
1251084,2015-07-07,Female,White,16,Virginia,IL,62691,39.9511595,-90.2123426,Convertible,Blue
1251274,2015-07-09,Female,Hispanic,16,Rio Rancho,NM,87124,35.4452297,-106.8532381,Convertible,Gray
1251343,2015-07-12,Male,White,16,Nacogdoches,TX,,31.6035129,-94.6554874,Pickup Truck,White
1251780,2015-07-21,Male,Black,16,Phenix City,AL,36867,32.495281,-85.0129509,,
1252301,2015-07-30,Female,Black,16,Wilkes Barre,PA,18705,41.2737475,-75.8359645,,Red
1253371,2015-08-20,Female,White,16,Myrtle Beach,SC,29575,33.6308343,-78.9684177,Sport Utility,Silver
1256625,2015-10-22,Female,White,16,Knoxville,TN,,35.9606384,-83.9207392,,
1257848,2015-11-12,Female,White,16,Brandon,MS,39047,32.2732024,-89.9859158,,
1257849,2015-11-11,Female,White,16,Shady Valley,TN,37688,36.5375002,-81.8770671,,
1258884,2015-12-01,Female,Hispanic,16,El Paso,TX,79927,31.6395026,-106.2757514,,
1262242,2016-02-05,Male,White,16,Quanah,TX,79252,34.297855,-99.7403718,,
1262427,2016-02-07,Female,White,16,Brewton,AL,36426,31.1051779,-87.0721918,,
1263274,2016-02-23,Male,White,16,Jamul,CA,91935,32.7169988,-116.8761347,,
1264834,2016-02-19,Female,White,16,Springfield,MO,65803,37.294172,-93.2986106,Pickup Truck,Red
1266913,2016-04-24,Female,Hispanic,16,Portales,NM,88130,34.1861922,-103.3343978,Sport Utility,Unknown
1267469,2016-05-01,Female,White,16,Parkton,NC,28371,34.9026635,-79.0116971,,
1270814,2016-06-20,Male,Biracial,16,Saint Petersburg,FL,33712,27.7480089,-82.6645469,,
1272949,2016-07-15,Female,Black,16,Aurora,CO,80011,39.7542465,-104.7871004,,
1273862,2016-08-02,Female,White,16,Sheridan,MT,59749,45.4554809,-112.1969372,Pickup Truck,Black
1274071,2016-08-06,Female,White,16,Jersey Shore,PA,17740,41.2020171,-77.2644152,,
1279805,2016-10-23,Male,White,16,Greybull,WY,82426,44.4891239,-108.0562132,Sport Utility,Camouflage
1279806,2016-10-23,Male,White,16,Greybull,WY,82426,44.4891239,-108.0562132,Sport Utility,Camouflage
1280064,2016-10-17,Male,Black,16,Fort Worth,TX,76107,32.737615,-97.3840729,,
1280352,2016-10-29,Female,White,16,Hudson,NY,12534,42.2528649,-73.790959,,
1281183,2016-11-08,Female,White,16,Baytown,TX,,29.7355047,-94.9774274,Sport Utility,Cream
1281900,2016-11-13,Male,White,16,Palmer,AK,99645,61.5997222,-149.1127777,Sport Utility,"Blue, Dark"
1282896,2016-11-29,Male,White,16,Longview,TX,75604,32.502529,-94.8002333,,
1285070,2016-12-28,Female,Black,16,Beckley,WV,25801,37.7781702,-81.1881557,"Sedan, 2 door",Red
1187520,2012-01-01,Female,Asian,17,Vancouver,WA,,45.6318397,-122.6716063,,
1191587,2012-03-27,Male,White,17,Greenfield,MA,,42.587915,-72.5994104,,
1200157,2012-07-25,Female,Biracial,17,Saint Petersburg,FL,33712,27.7480089,-82.6645469,"Sedan, 4 door",White
1201790,2012-08-31,Female,Hispanic,17,Henderson,NV,89014,36.0633189,-115.0525302,"Sedan, 2 door",Red
1204098,2012-10-10,Male,Hispanic,17,Wildomar,CA,92595,33.5989126,-117.2800372,,
1204322,2012-10-13,Male,Biracial,17,Denver,NC,28037,35.5316576,-81.0295793,,Green
1210970,2013-01-29,Male,White,17,Erie,PA,,42.1292241,-80.085059,,
1216621,2013-05-25,Female,White,17,Pottsville,PA,,40.6856456,-76.195499,,
1218531,2013-06-23,Female,Black,17,Inglewood,CA,90305,33.9596334,-118.3286614,,White
1218969,2013-07-06,Female,Black,17,Daytona Beach,FL,32118,29.2046542,-81.0009199,,
1220294,2013-06-12,Female,White,17,Spring City,TN,37381,35.692015,-84.8607801,,
1220626,2013-08-03,Female,Black,17,Shipman,VA,22971,37.7237531,-78.839187,"Sedan, 4 door",White
1225000,2013-11-05,Female,White,17,Hansen,ID,83334,42.5296532,-114.301121,,
1227206,2013-12-04,Female,White,17,Wyoming,PA,18644,41.3117471,-75.8374174,,
1227229,2014-01-03,Male,White,17,Baltimore,MD,21223,39.2866135,-76.647047,,
1227268,2014-01-10,Male,Black,17,San Jose,CA,95112,37.3456227,-121.8847222,,
1227592,2014-01-21,Male,Black,17,Matthews,NC,28105,35.1168131,-80.7236804,,
1231313,2014-04-23,Male,White,17,Winston Salem,NC,27101,36.105232,-80.2042436,,
1233213,2014-06-03,Female,Black,17,Starke,FL,32091,29.9441298,-82.1098275,,
1236903,2014-08-23,Female,White,17,Lilburn,GA,30047,33.8901036,-84.1429719,Sport Utility,Black
1237183,2014-08-31,Female,White,17,Jackson,MS,,32.2987573,-90.1848103,,Green
1239270,2014-10-15,Male,White,17,Albany,NY,12206,42.6757698,-73.7860276,,
1241096,2014-12-02,Male,White,17,Trenton,FL,32693,29.6132942,-82.8176203,,
1243537,2015-01-31,Female,White,17,Pima,AZ,85543,32.8961755,-109.8275815,,
1247825,2015-04-30,Female,Black,17,Oxon Hill,MD,20745,38.8037805,-76.9931074,,
1255618,2015-10-06,Male,Hispanic,17,Hialeah,FL,33012,25.8641207,-80.3045967,,
1267713,2016-05-05,Male,White,17,Dallas,NC,28034,35.3165257,-81.1761895,,
1268094,2016-05-12,Male,White,17,Lima,OH,45801,40.786903,-84.0801613,,
1281567,2016-10-31,Male,Am. Ind.,17,Bemidji,MN,56601,47.4875361,-94.8858492,,
1282451,2016-11-25,Female,Black,17,Braintree,MA,2184,42.2079017,-71.0040013,,
1195170,2012-02-09,Male,White,18,Spanaway,WA,98387,47.103988,-122.4345661,,
1197145,2012-03-11,Male,White,18,Tupper Lake,NY,12986,44.2239488,-74.4640575,,
1199528,2012-06-11,Female,Hispanic,18,El Monte,CA,91732,34.0791053,-118.0127534,,
1202911,2012-09-19,Male,Hispanic,18,Las Vegas,NV,89110,36.1678611,-115.0406679,,
1203170,2012-09-23,Male,Asian,18,Evanston,IL,60201,42.060011,-87.6926257,,
1203606,2012-09-20,Male,Hispanic,18,Gainesville,FL,32608,29.6156734,-82.3659168,,
1204607,2012-10-13,Male,White,18,Sherrills Ford,NC,28673,35.6204121,-80.9864655,"Sedan, 4 door",Green
1209498,2013-01-09,Male,White,18,Alexandria,IN,46001,40.2628184,-85.675809,Sport Utility,Black
1210300,2013-01-10,Male,Black,18,High Point,NC,27265,36.0091763,-80.0199562,,
1222275,2013-07-08,Male,Black,18,Youngstown,OH,44511,41.0699247,-80.6937177,,
1222873,2012-08-16,Female,White,18,Warsaw,IN,46582,41.2381,-85.8530469,,
1223582,2013-09-30,Female,Hispanic,18,Grand Prairie,TX,75051,32.7320972,-96.9907197,,
1223737,2013-10-03,Male,White,18,Slinger,WI,53086,43.3261631,-88.2753144,Pickup Truck,Blue
1223931,2013-10-01,Female,White,18,Pueblo,CO,81001,38.3060189,-104.5422225,,
1225003,2013-11-05,Male,Hispanic,18,Wildomar,CA,92595,33.5989126,-117.2800372,,
1225920,2013-11-17,Female,Hispanic,18,Lubbock,TX,79414,33.5479366,-101.9176916,,
1230107,2014-02-22,Female,Biracial,18,Charleston,SC,29403,32.8007242,-79.9500477,,
1230950,2014-04-13,Male,White,18,Tiffin,OH,44883,41.1144992,-83.1779746,,
1234292,2014-06-02,Female,White,18,Cresskill,NJ,7626,40.9414874,-73.9593041,,
1234535,2014-06-27,Male,Hispanic,18,Los Angeles,CA,90012,34.0653347,-118.243891,,
1234643,2014-06-22,Male,Black,18,Los Angeles,CA,90059,33.9287591,-118.2468148,,
1235260,2014-07-12,Male,Am. Ind.,18,Payson,AZ,85541,34.2308684,-111.3251355,,
1237030,2014-06-26,Female,White,18,Savannah,GA,31401,32.081259,-81.0809848,,
1237640,2014-09-02,Female,White,18,Boone,NC,28608,36.2139148,-81.6795209,,
1237926,2014-09-13,Female,White,18,Charlottesville,VA,22903,38.0293059,-78.4766781,,
1239318,2014-09-06,Female,White,18,Omaha,NE,,41.2523634,-95.9979883,,
1241610,2014-11-25,Female,Black,18,Rock Hill,SC,29730,34.9248667,-81.0250784,,
1243470,2015-01-25,Male,Black,18,Albemarle,NC,28001,35.3501426,-80.2000578,,
1243889,2015-02-04,Female,Am. Ind.,18,Fairmont,NC,28340,34.4968311,-79.114202,,
1244930,2015-03-01,Male,Hispanic,18,Crystal Lake,IL,60014,42.2340456,-88.3336477,,
1246469,2015-03-02,Female,White,18,Norfolk,VA,23518,36.9208072,-76.2073525,,
1246601,2015-03-30,Male,White,18,Nocona,TX,,33.7867684,-97.7258626,Truck,
1246885,2015-04-13,Male,Hispanic,18,Los Angeles,CA,90061,33.9196443,-118.2731269,,
1247500,2015-04-24,Female,Black,18,Miami,FL,33162,25.9260794,-80.1819268,,
1248194,2015-05-12,Female,Black,18,North Hills,CA,91343,34.235822,-118.4849365,,
1249576,2015-05-22,Female,Black,18,Lincoln,NE,,40.8257625,-96.6851982,,
1251806,2015-07-20,Male,Hispanic,18,Bradenton,FL,34208,27.5004431,-82.5077593,,
1253192,2015-07-23,Male,White,18,Antonito,CO,81120,37.079179,-106.0086329,,
1253279,2015-08-05,Female,Biracial,18,Pasadena,CA,91101,34.1427587,-118.1386005,,
1264122,2016-03-09,Male,Black,18,Fort Wayne,IN,46835,41.1448223,-85.0545197,,
1264408,2015-10-10,Female,Hispanic,18,Midland,TX,79706,31.9973456,-102.0779146,,
1266064,2016-04-09,Female,White,18,West Chester,OH,45069,39.341965,-84.406761,"Sedan, 4 door",Black
1274015,2016-07-26,Female,Asian,18,Madison,WI,53704,43.1438143,-89.3511495,,
1279982,2016-10-25,Male,Black,18,Baldwin,NY,11510,40.6686336,-73.6119129,,
1283027,2016-10-03,Male,White,18,Nampa,ID,83651,43.5896264,-116.6132313,,
1283255,2016-11-25,Male,Black,18,Lake Stevens,WA,98258,48.015098,-122.0637425,,
1284205,2016-11-24,Male,White,18,Canadian,TX,,35.91282,-100.3820772,,
1188200,2012-01-26,Male,White,19,Munfordville,KY,42765,37.2722751,-85.8910819,,
1198036,2012-06-26,Female,White,19,Sacramento,CA,95825,38.5890819,-121.4084731,,
1199371,2012-05-31,Female,White,19,Mobile,AL,36619,30.5960565,-88.1974148,,
1202267,2012-06-01,Female,Biracial,19,Miami,FL,33144,25.7621935,-80.3129541,,
1203762,2012-04-27,Female,Black,19,Manhattan,NY,,40.7830603,-73.9712488,,
1204255,2012-09-30,Male,White,19,Tacoma,WA,98444,47.1547274,-122.4554287,,
1205349,2012-09-11,Male,White,19,Sellersburg,IN,47172,38.3981216,-85.754964,"Sedan, 4 door",Silver
1207898,2012-11-20,Male,Black,19,Charlottesville,VA,22903,38.0293059,-78.4766781,,
1208490,2013-01-01,Female,White,19,Lakeridge,NV,89449,38.9537555,-119.9104436,,
1218566,2013-05-21,Male,Biracial,19,San Francisco,CA,94102,37.7786871,-122.4212424,,
1218707,2013-03-29,Male,Black,19,Atlanta,GA,30308,33.7717008,-84.3726049,,
1219282,2012-06-30,Female,Hispanic,19,Las Vegas,NM,87701,35.5942137,-105.2227978,"Sedan, 4 door",Purple
1221108,2013-06-15,Female,Hispanic,19,Tempe,AZ,85281,33.4366655,-111.9403254,,
1222511,2013-08-30,Male,White,19,Castaic,CA,91384,34.4890363,-118.6256552,,
1225546,2013-11-19,Male,White,19,Marlboro Township,NJ,7746,40.3275488,-74.2673168,,
1225677,2013-11-23,Male,White,19,Edenton,NC,,36.057938,-76.6077213,,Black
1226247,2013-12-10,Female,White,19,Orangeburg,SC,29115,33.4918203,-80.8556476,Pickup Truck,"Green, Dark"
1232409,2014-05-18,Female,White,19,Broomfield,CO,80020,39.9389199,-105.0674317,,
1234645,2014-03-04,Male,Hispanic,19,Los Angeles,CA,90037,34.002058,-118.2818967,,
1236875,2014-08-19,Male,Black,19,Elkton,MD,,39.6067789,-75.8332718,"Sedan, 2 door",Blue
1240651,2014-11-18,Male,Black,19,Saint Louis,MO,63137,38.7479435,-90.2113571,,
1242652,2014-12-28,Male,White,19,Harrisburg,IL,62946,37.7383812,-88.540607,Sport Utility,Black
1246428,2015-03-30,Female,Black,19,Cleveland,OH,44130,41.376464,-81.7677645,"Sedan, 4 door",Gray
1247113,2015-03-01,Female,Black,19,Seymour,WI,54165,44.5149879,-88.3303798,,
1256971,2015-10-26,Female,White,19,Greenville,NC,27834,35.612661,-77.3663538,,
1259083,2015-12-05,Female,White,19,Springfield,VA,22150,38.7742151,-77.1887747,,
1263496,2016-01-07,Female,Black,19,Greensboro,NC,,36.0726354,-79.7919754,,
1263751,2016-03-03,Male,Hispanic,19,Boston,MA,2125,42.3157363,-71.0527482,,
1264407,2015-10-10,Male,Hispanic,19,Midland,TX,79706,31.9973456,-102.0779146,,
1266722,2016-02-12,Female,White,19,Atlanta,GA,,33.7489954,-84.3879824,,
1267493,2016-04-21,Male,White,19,Boone,NC,,36.216795,-81.6745517,,
1270848,2016-03-10,Male,White,19,Macomb,MI,48044,42.6547932,-82.9178838,,
1273312,2016-07-17,Female,Biracial,19,Evansville,IN,47711,38.0059645,-87.5494745,,
1273615,2016-07-31,Male,Black,19,Bedford,VA,,37.3343079,-79.5230877,,
1283282,2016-12-02,Female,White,19,Neptune,NJ,7753,40.2005472,-74.0314165,"Sedan, 4 door",Silver
1284316,2016-09-27,Male,Black,19,Raymore,MO,64083,38.801953,-94.4527294,,
1189606,2012-01-03,Male,Hispanic,20,Huntington Park,CA,90255,33.9756107,-118.2234229,"Sedan, 4 door",Brown
1195510,2012-05-08,Female,White,20,Brooklyn Park,MD,21225,39.2213396,-76.6123884,,
1214771,2013-04-25,Male,White,20,Middletown,NY,10940,41.4459271,-74.4229341,,
1218567,2013-02-06,Male,White,20,San Francisco,CA,,37.7749295,-122.4194155,,
1220752,2013-07-27,Male,White,20,Bremerton,WA,98337,47.5685263,-122.6397033,,
1223375,2013-09-20,Male,White,20,Erath,LA,70533,29.9582611,-92.0359562,,
1235951,2014-07-30,Male,White,20,Tonawanda,NY,14150,43.0203347,-78.880315,"Sedan, 2 door",Gray
1236364,2014-08-10,Male,Asian,20,New York,NY,,40.7127753,-74.0059728,,
1237365,2014-07-28,Male,Black,20,Los Angeles,CA,90008,34.0083231,-118.3491169,,
1241214,2014-11-25,Female,Biracial,20,Saint Paul,MN,55130,44.9737443,-93.0817473,"Sedan, 4 door",Black
1241964,2014-12-22,Male,White,20,Walla Walla,WA,99362,46.0645809,-118.3430208,Pickup Truck,Burgundy
1243121,2014-12-26,Male,Black,20,Teaneck,NJ,7666,40.8924932,-74.0123851,,
1244495,2015-02-17,Male,White,20,Brooklyn,NY,11234,40.6007956,-73.9065883,,
1246641,2015-04-02,Female,Black,20,Miramar,FL,33023,25.9868744,-80.2153998,,
1247991,2013-12-01,Male,White,20,Wynne,AR,72396,35.224533,-90.7867798,,
1256535,2015-08-29,Male,Am. Ind.,20,El Cajon,CA,92020,32.7963222,-116.9675814,,
1263263,2016-02-02,Female,White,20,Okmulgee,OK,74447,35.6266957,-95.9515399,,
1265979,2016-04-08,Female,White,20,Los Lunas,NM,87031,34.806166,-106.7333599,,
